0.36,0.000003917,,,,,,,,,,,,,,,,,,,,,,,
0.361,0.000004393581,,,,,,,,,,,,,,,,,,,,,,,
0.362,0.000004929604,,,,,,,,,,,,,,,,,,,,,,,
0.363,0.000005532136,,,,,,,,,,,,,,0,1,2,3,4,5,6,7,8,9
0.364,0.000006208245,,,,,,,,,,,,,0.36,,,,,,,,,,
0.365,0.000006965,,,,,,,,,,,,,0.37,,,,,,,,,,
0.366,0.000007813219,,,,,,,,,,,,,0.38,,,,,,,,,,
0.367,0.000008767336,,,,,,,,,,,,,0.39,,,,,,,,,,
0.368,0.000009839844,,,,,,,,,,,,,0.4,,,,,,,,,,
0.369,0.00001104323,,,,,,,,,,,,,0.41,,,,,,,,,,
0.37,0.00001239,,,,,,,,,,,,,0.42,,,,,,,,,,
0.371,0.00001388641,,,,,,,,,,,,,0.43,,,,,,,,,,
0.372,0.00001555728,,,,,,,,,,,,,0.44,,,,,,,,,,
0.373,0.00001744296,,,,,,,,,,,,,0.45,,,,,,,,,,
0.374,0.00001958375,,,,,,,,,,,,,0.46,,,,,,,,,,
0.375,0.00002202,,,,,,,,,,,,,0.47,,,,,,,,,,
0.376,0.00002483965,,,,,,,,,,,,,0.48,,,,,,,,,,
0.377,0.00002804126,,,,,,,,,,,,,0.49,,,,,,,,,,
0.378,0.00003153104,,,,,,,,,,,,,0.5,,,,,,,,,,
0.379,0.00003521521,,,,,,,,,,,,,0.51,,,,,,,,,,
0.38,0.000039,,,,,,,,,,,,,0.52,,,,,,,,,,
0.381,0.0000428264,,,,,,,,,,,,,0.53,,,,,,,,,,
0.382,0.0000469146,,,,,,,,,,,,,0.54,,,,,,,,,,
0.383,0.0000515896,,,,,,,,,,,,,0.55,,,,,,,,,,
0.384,0.0000571764,,,,,,,,,,,,,0.56,,,,,,,,,,
0.385,0.000064,,,,,,,,,,,,,0.57,,,,,,,,,,
0.386,0.00007234421,,,,,,,,,,,,,0.58,,,,,,,,,,
0.387,0.00008221224,,,,,,,,,,,,,0.59,,,,,,,,,,
0.388,0.00009350816,,,,,,,,,,,,,,,,,,,,,,,
0.389,0.0001061361,,,,,,,,,,,,,,,,,,,,,,,
0.39,0.00012,,,,,,,,,,,,,,,,,,,,,,,
0.391,0.000134984,,,,,,,,,,,,,,,,,,,,,,,
0.392,0.000151492,,,,,,,,,,,,,,,,,,,,,,,
0.393,0.000170208,,,,,,,,,,,,,,,,,,,,,,,
0.394,0.000191816,,,,,,,,,,,,,,,,,,,,,,,
0.395,0.000217,,,,,,,,,,,,,,,,,,,,,,,
0.396,0.0002469067,,,,,,,,,,,,,,,,,,,,,,,
0.397,0.00028124,,,,,,,,,,,,,,,,,,,,,,,
0.398,0.00031852,,,,,,,,,,,,,,,,,,,,,,,
0.399,0.0003572667,,,,,,,,,,,,,,,,,,,,,,,
0.4,0.000396,,,,,,,,,,,,,,,,,,,,,,,
0.401,0.0004337147,,,,,,,,,,,,,,,,,,,,,,,
0.402,0.000473024,,,,,,,,,,,,,,,,,,,,,,,
0.403,0.000517876,,,,,,,,,,,,,,,,,,,,,,,
0.404,0.0005722187,,,,,,,,,,,,,,,,,,,,,,,
0.405,0.00064,,,,,,,,,,,,,,,,,,,,,,,
0.406,0.00072456,,,,,,,,,,,,,,,,,,,,,,,
0.407,0.0008255,,,,,,,,,,,,,,,,,,,,,,,
0.408,0.00094116,,,,,,,,,,,,,,,,,,,,,,,
0.409,0.00106988,,,,,,,,,,,,,,,,,,,,,,,
0.41,0.00121,,,,,,,,,,,,,,,,,,,,,,,
0.411,0.001362091,,,,,,,,,,,,,,,,,,,,,,,
0.412,0.001530752,,,,,,,,,,,,,,,,,,,,,,,
0.413,0.001720368,,,,,,,,,,,,,,,,,,,,,,,
0.414,0.001935323,,,,,,,,,,,,,,,,,,,,,,,
0.415,0.00218,,,,,,,,,,,,,,,,,,,,,,,
0.416,0.0024548,,,,,,,,,,,,,,,,,,,,,,,
0.417,0.002764,,,,,,,,,,,,,,,,,,,,,,,
0.418,0.0031178,,,,,,,,,,,,,,,,,,,,,,,
0.419,0.0035264,,,,,,,,,,,,,,,,,,,,,,,
0.42,0.004,,,,,,,,,,,,,,,,,,,,,,,
0.421,0.00454624,,,,,,,,,,,,,,,,,,,,,,,
0.422,0.00515932,,,,,,,,,,,,,,,,,,,,,,,
0.423,0.00582928,,,,,,,,,,,,,,,,,,,,,,,
0.424,0.00654616,,,,,,,,,,,,,,,,,,,,,,,
0.425,0.0073,,,,,,,,,,,,,,,,,,,,,,,
0.426,0.008086507,,,,,,,,,,,,,,,,,,,,,,,
0.427,0.00890872,,,,,,,,,,,,,,,,,,,,,,,
0.428,0.00976768,,,,,,,,,,,,,,,,,,,,,,,
0.429,0.01066443,,,,,,,,,,,,,,,,,,,,,,,
0.43,0.0116,,,,,,,,,,,,,,,,,,,,,,,
0.431,0.01257317,,,,,,,,,,,,,,,,,,,,,,,
0.432,0.01358272,,,,,,,,,,,,,,,,,,,,,,,
0.433,0.01462968,,,,,,,,,,,,,,,,,,,,,,,
0.434,0.01571509,,,,,,,,,,,,,,,,,,,,,,,
0.435,0.01684,,,,,,,,,,,,,,,,,,,,,,,
0.436,0.01800736,,,,,,,,,,,,,,,,,,,,,,,
0.437,0.01921448,,,,,,,,,,,,,,,,,,,,,,,
0.438,0.02045392,,,,,,,,,,,,,,,,,,,,,,,
0.439,0.02171824,,,,,,,,,,,,,,,,,,,,,,,
0.44,0.023,,,,,,,,,,,,,,,,,,,,,,,
0.441,0.02429461,,,,,,,,,,,,,,,,,,,,,,,
0.442,0.02561024,,,,,,,,,,,,,,,,,,,,,,,
0.443,0.02695857,,,,,,,,,,,,,,,,,,,,,,,
0.444,0.02835125,,,,,,,,,,,,,,,,,,,,,,,
0.445,0.0298,,,,,,,,,,,,,,,,,,,,,,,
0.446,0.03131083,,,,,,,,,,,,,,,,,,,,,,,
0.447,0.03288368,,,,,,,,,,,,,,,,,,,,,,,
0.448,0.03452112,,,,,,,,,,,,,,,,,,,,,,,
0.449,0.03622571,,,,,,,,,,,,,,,,,,,,,,,
0.45,0.038,,,,,,,,,,,,,,,,,,,,,,,
0.451,0.03984667,,,,,,,,,,,,,,,,,,,,,,,
0.452,0.041768,,,,,,,,,,,,,,,,,,,,,,,
0.453,0.043766,,,,,,,,,,,,,,,,,,,,,,,
0.454,0.04584267,,,,,,,,,,,,,,,,,,,,,,,
0.455,0.048,,,,,,,,,,,,,,,,,,,,,,,
0.456,0.05024368,,,,,,,,,,,,,,,,,,,,,,,
0.457,0.05257304,,,,,,,,,,,,,,,,,,,,,,,
0.458,0.05498056,,,,,,,,,,,,,,,,,,,,,,,
0.459,0.05745872,,,,,,,,,,,,,,,,,,,,,,,
0.46,0.06,,,,,,,,,,,,,,,,,,,,,,,
0.461,0.06260197,,,,,,,,,,,,,,,,,,,,,,,
0.462,0.06527752,,,,,,,,,,,,,,,,,,,,,,,
0.463,0.06804208,,,,,,,,,,,,,,,,,,,,,,,
0.464,0.07091109,,,,,,,,,,,,,,,,,,,,,,,
0.465,0.0739,,,,,,,,,,,,,,,,,,,,,,,
0.466,0.077016,,,,,,,,,,,,,,,,,,,,,,,
0.467,0.0802664,,,,,,,,,,,,,,,,,,,,,,,
0.468,0.0836668,,,,,,,,,,,,,,,,,,,,,,,
0.469,0.0872328,,,,,,,,,,,,,,,,,,,,,,,
0.47,0.09098,,,,,,,,,,,,,,,,,,,,,,,
0.471,0.09491755,,,,,,,,,,,,,,,,,,,,,,,
0.472,0.09904584,,,,,,,,,,,,,,,,,,,,,,,
0.473,0.1033674,,,,,,,,,,,,,,,,,,,,,,,
0.474,0.1078846,,,,,,,,,,,,,,,,,,,,,,,
0.475,0.1126,,,,,,,,,,,,,,,,,,,,,,,
0.476,0.117532,,,,,,,,,,,,,,,,,,,,,,,
0.477,0.1226744,,,,,,,,,,,,,,,,,,,,,,,
0.478,0.1279928,,,,,,,,,,,,,,,,,,,,,,,
0.479,0.1334528,,,,,,,,,,,,,,,,,,,,,,,
0.48,0.13902,,,,,,,,,,,,,,,,,,,,,,,
0.481,0.1446764,,,,,,,,,,,,,,,,,,,,,,,
0.482,0.1504693,,,,,,,,,,,,,,,,,,,,,,,
0.483,0.1564619,,,,,,,,,,,,,,,,,,,,,,,
0.484,0.1627177,,,,,,,,,,,,,,,,,,,,,,,
0.485,0.1693,,,,,,,,,,,,,,,,,,,,,,,
0.486,0.1762431,,,,,,,,,,,,,,,,,,,,,,,
0.487,0.1835581,,,,,,,,,,,,,,,,,,,,,,,
0.488,0.1912735,,,,,,,,,,,,,,,,,,,,,,,
0.489,0.199418,,,,,,,,,,,,,,,,,,,,,,,
0.49,0.20802,,,,,,,,,,,,,,,,,,,,,,,
0.491,0.2171199,,,,,,,,,,,,,,,,,,,,,,,
0.492,0.2267345,,,,,,,,,,,,,,,,,,,,,,,
0.493,0.2368571,,,,,,,,,,,,,,,,,,,,,,,
0.494,0.2474812,,,,,,,,,,,,,,,,,,,,,,,
0.495,0.2586,,,,,,,,,,,,,,,,,,,,,,,
0.496,0.2701849,,,,,,,,,,,,,,,,,,,,,,,
0.497,0.2822939,,,,,,,,,,,,,,,,,,,,,,,
0.498,0.2950505,,,,,,,,,,,,,,,,,,,,,,,
0.499,0.308578,,,,,,,,,,,,,,,,,,,,,,,
0.5,0.323,,,,,,,,,,,,,,,,,,,,,,,
0.501,0.3384021,,,,,,,,,,,,,,,,,,,,,,,
0.502,0.3546858,,,,,,,,,,,,,,,,,,,,,,,
0.503,0.3716986,,,,,,,,,,,,,,,,,,,,,,,
0.504,0.3892875,,,,,,,,,,,,,,,,,,,,,,,
0.505,0.4073,,,,,,,,,,,,,,,,,,,,,,,
0.506,0.4256299,,,,,,,,,,,,,,,,,,,,,,,
0.507,0.4443096,,,,,,,,,,,,,,,,,,,,,,,
0.508,0.4633944,,,,,,,,,,,,,,,,,,,,,,,
0.509,0.4829395,,,,,,,,,,,,,,,,,,,,,,,
0.51,0.503,,,,,,,,,,,,,,,,,,,,,,,
0.511,0.5235693,,,,,,,,,,,,,,,,,,,,,,,
0.512,0.544512,,,,,,,,,,,,,,,,,,,,,,,
0.513,0.56569,,,,,,,,,,,,,,,,,,,,,,,
0.514,0.5869653,,,,,,,,,,,,,,,,,,,,,,,
0.515,0.6082,,,,,,,,,,,,,,,,,,,,,,,
0.516,0.6293456,,,,,,,,,,,,,,,,,,,,,,,
0.517,0.6503068,,,,,,,,,,,,,,,,,,,,,,,
0.518,0.6708752,,,,,,,,,,,,,,,,,,,,,,,
0.519,0.6908424,,,,,,,,,,,,,,,,,,,,,,,
0.52,0.71,,,,,,,,,,,,,,,,,,,,,,,
0.521,0.7281852,,,,,,,,,,,,,,,,,,,,,,,
0.522,0.7454636,,,,,,,,,,,,,,,,,,,,,,,
0.523,0.7619694,,,,,,,,,,,,,,,,,,,,,,,
0.524,0.7778368,,,,,,,,,,,,,,,,,,,,,,,
0.525,0.7932,,,,,,,,,,,,,,,,,,,,,,,
0.526,0.8081104,,,,,,,,,,,,,,,,,,,,,,,
0.527,0.8224962,,,,,,,,,,,,,,,,,,,,,,,
0.528,0.8363068,,,,,,,,,,,,,,,,,,,,,,,
0.529,0.8494916,,,,,,,,,,,,,,,,,,,,,,,
0.53,0.862,,,,,,,,,,,,,,,,,,,,,,,
0.531,0.8738108,,,,,,,,,,,,,,,,,,,,,,,
0.532,0.8849624,,,,,,,,,,,,,,,,,,,,,,,
0.533,0.8954936,,,,,,,,,,,,,,,,,,,,,,,
0.534,0.9054432,,,,,,,,,,,,,,,,,,,,,,,
0.535,0.9148501,,,,,,,,,,,,,,,,,,,,,,,
0.536,0.9237348,,,,,,,,,,,,,,,,,,,,,,,
0.537,0.9320924,,,,,,,,,,,,,,,,,,,,,,,
0.538,0.9399226,,,,,,,,,,,,,,,,,,,,,,,
0.539,0.9472252,,,,,,,,,,,,,,,,,,,,,,,
0.54,0.954,,,,,,,,,,,,,,,,,,,,,,,
0.541,0.9602561,,,,,,,,,,,,,,,,,,,,,,,
0.542,0.9660074,,,,,,,,,,,,,,,,,,,,,,,
0.543,0.9712606,,,,,,,,,,,,,,,,,,,,,,,
0.544,0.9760225,,,,,,,,,,,,,,,,,,,,,,,
0.545,0.9803,,,,,,,,,,,,,,,,,,,,,,,
0.546,0.9840924,,,,,,,,,,,,,,,,,,,,,,,
0.547,0.9874182,,,,,,,,,,,,,,,,,,,,,,,
0.548,0.9903128,,,,,,,,,,,,,,,,,,,,,,,
0.549,0.9928116,,,,,,,,,,,,,,,,,,,,,,,
0.55,0.9949501,,,,,,,,,,,,,,,,,,,,,,,
0.551,0.9967108,,,,,,,,,,,,,,,,,,,,,,,
0.552,0.9980983,,,,,,,,,,,,,,,,,,,,,,,
0.553,0.999112,,,,,,,,,,,,,,,,,,,,,,,
0.554,0.9997482,,,,,,,,,,,,,,,,,,,,,,,
0.555,1,,,,,,,,,,,,,,,,,,,,,,,
0.556,0.9998567,,,,,,,,,,,,,,,,,,,,,,,
0.557,0.9993046,,,,,,,,,,,,,,,,,,,,,,,
0.558,0.9983255,,,,,,,,,,,,,,,,,,,,,,,
0.559,0.9968987,,,,,,,,,,,,,,,,,,,,,,,
0.56,0.995,,,,,,,,,,,,,,,,,,,,,,,
0.561,0.9926005,,,,,,,,,,,,,,,,,,,,,,,
0.562,0.9897426,,,,,,,,,,,,,,,,,,,,,,,
0.563,0.9864444,,,,,,,,,,,,,,,,,,,,,,,
0.564,0.9827241,,,,,,,,,,,,,,,,,,,,,,,
0.565,0.9786,,,,,,,,,,,,,,,,,,,,,,,
0.566,0.9740837,,,,,,,,,,,,,,,,,,,,,,,
0.567,0.9691712,,,,,,,,,,,,,,,,,,,,,,,
0.568,0.9638568,,,,,,,,,,,,,,,,,,,,,,,
0.569,0.9581349,,,,,,,,,,,,,,,,,,,,,,,
0.57,0.952,,,,,,,,,,,,,,,,,,,,,,,
0.571,0.9454504,,,,,,,,,,,,,,,,,,,,,,,
0.572,0.9384992,,,,,,,,,,,,,,,,,,,,,,,
0.573,0.9311628,,,,,,,,,,,,,,,,,,,,,,,
0.574,0.9234576,,,,,,,,,,,,,,,,,,,,,,,
0.575,0.9154,,,,,,,,,,,,,,,,,,,,,,,
0.576,0.9070064,,,,,,,,,,,,,,,,,,,,,,,
0.577,0.8982772,,,,,,,,,,,,,,,,,,,,,,,
0.578,0.8892048,,,,,,,,,,,,,,,,,,,,,,,
0.579,0.8797816,,,,,,,,,,,,,,,,,,,,,,,
0.58,0.87,,,,,,,,,,,,,,,,,,,,,,,
0.581,0.8598613,,,,,,,,,,,,,,,,,,,,,,,
0.582,0.849392,,,,,,,,,,,,,,,,,,,,,,,
0.583,0.838622,,,,,,,,,,,,,,,,,,,,,,,
0.584,0.8275813,,,,,,,,,,,,,,,,,,,,,,,
0.585,0.8163,,,,,,,,,,,,,,,,,,,,,,,
0.586,0.8047947,,,,,,,,,,,,,,,,,,,,,,,
0.587,0.793082,,,,,,,,,,,,,,,,,,,,,,,
0.588,0.781192,,,,,,,,,,,,,,,,,,,,,,,
0.589,0.7691547,,,,,,,,,,,,,,,,,,,,,,,
0.59,0.757,,,,,,,,,,,,,,,,,,,,,,,
0.591,0.7447541,,,,,,,,,,,,,,,,,,,,,,,
0.592,0.7324224,,,,,,,,,,,,,,,,,,,,,,,
0.593,0.7200036,,,,,,,,,,,,,,,,,,,,,,,
0.594,0.7074965,,,,,,,,,,,,,,,,,,,,,,,
0.595,0.6949,,,,,,,,,,,,,,,,,,,,,,,
0.596,0.6822192,,,,,,,,,,,,,,,,,,,,,,,
0.597,0.6694716,,,,,,,,,,,,,,,,,,,,,,,
0.598,0.6566744,,,,,,,,,,,,,,,,,,,,,,,
0.599,0.6438448,,,,,,,,,,,,,,,,,,,,,,,
0.6,0.631,,,,,,,,,,,,,,,,,,,,,,,
0.601,0.6181555,,,,,,,,,,,,,,,,,,,,,,,
0.602,0.6053144,,,,,,,,,,,,,,,,,,,,,,,
0.603,0.5924756,,,,,,,,,,,,,,,,,,,,,,,
0.604,0.5796379,,,,,,,,,,,,,,,,,,,,,,,
0.605,0.5668,,,,,,,,,,,,,,,,,,,,,,,
0.606,0.5539611,,,,,,,,,,,,,,,,,,,,,,,
0.607,0.5411372,,,,,,,,,,,,,,,,,,,,,,,
0.608,0.5283528,,,,,,,,,,,,,,,,,,,,,,,
0.609,0.5156323,,,,,,,,,,,,,,,,,,,,,,,
0.61,0.503,,,,,,,,,,,,,,,,,,,,,,,
0.611,0.4904688,,,,,,,,,,,,,,,,,,,,,,,
0.612,0.4780304,,,,,,,,,,,,,,,,,,,,,,,
0.613,0.4656776,,,,,,,,,,,,,,,,,,,,,,,
0.614,0.4534032,,,,,,,,,,,,,,,,,,,,,,,
0.615,0.4412,,,,,,,,,,,,,,,,,,,,,,,
0.616,0.42908,,,,,,,,,,,,,,,,,,,,,,,
0.617,0.417036,,,,,,,,,,,,,,,,,,,,,,,
0.618,0.405032,,,,,,,,,,,,,,,,,,,,,,,
0.619,0.393032,,,,,,,,,,,,,,,,,,,,,,,
0.62,0.381,,,,,,,,,,,,,,,,,,,,,,,
0.621,0.3689184,,,,,,,,,,,,,,,,,,,,,,,
0.622,0.3568272,,,,,,,,,,,,,,,,,,,,,,,
0.623,0.3447768,,,,,,,,,,,,,,,,,,,,,,,
0.624,0.3328176,,,,,,,,,,,,,,,,,,,,,,,
0.625,0.321,,,,,,,,,,,,,,,,,,,,,,,
0.626,0.3093381,,,,,,,,,,,,,,,,,,,,,,,
0.627,0.2978504,,,,,,,,,,,,,,,,,,,,,,,
0.628,0.2865936,,,,,,,,,,,,,,,,,,,,,,,
0.629,0.2756245,,,,,,,,,,,,,,,,,,,,,,,
0.63,0.265,,,,,,,,,,,,,,,,,,,,,,,
0.631,0.2547632,,,,,,,,,,,,,,,,,,,,,,,
0.632,0.2448896,,,,,,,,,,,,,,,,,,,,,,,
0.633,0.2353344,,,,,,,,,,,,,,,,,,,,,,,
0.634,0.2260528,,,,,,,,,,,,,,,,,,,,,,,
0.635,0.217,,,,,,,,,,,,,,,,,,,,,,,
0.636,0.2081616,,,,,,,,,,,,,,,,,,,,,,,
0.637,0.1995488,,,,,,,,,,,,,,,,,,,,,,,
0.638,0.1911552,,,,,,,,,,,,,,,,,,,,,,,
0.639,0.1829744,,,,,,,,,,,,,,,,,,,,,,,
0.64,0.175,,,,,,,,,,,,,,,,,,,,,,,
0.641,0.1672235,,,,,,,,,,,,,,,,,,,,,,,
0.642,0.1596464,,,,,,,,,,,,,,,,,,,,,,,
0.643,0.1522776,,,,,,,,,,,,,,,,,,,,,,,
0.644,0.1451259,,,,,,,,,,,,,,,,,,,,,,,
0.645,0.1382,,,,,,,,,,,,,,,,,,,,,,,
0.646,0.1315003,,,,,,,,,,,,,,,,,,,,,,,
0.647,0.1250248,,,,,,,,,,,,,,,,,,,,,,,
0.648,0.1187792,,,,,,,,,,,,,,,,,,,,,,,
0.649,0.1127691,,,,,,,,,,,,,,,,,,,,,,,
0.65,0.107,,,,,,,,,,,,,,,,,,,,,,,
0.651,0.1014762,,,,,,,,,,,,,,,,,,,,,,,
0.652,0.09618864,,,,,,,,,,,,,,,,,,,,,,,
0.653,0.09112296,,,,,,,,,,,,,,,,,,,,,,,
0.654,0.08626485,,,,,,,,,,,,,,,,,,,,,,,
0.655,0.0816,,,,,,,,,,,,,,,,,,,,,,,
0.656,0.07712064,,,,,,,,,,,,,,,,,,,,,,,
0.657,0.07282552,,,,,,,,,,,,,,,,,,,,,,,
0.658,0.06871008,,,,,,,,,,,,,,,,,,,,,,,
0.659,0.06476976,,,,,,,,,,,,,,,,,,,,,,,
0.66,0.061,,,,,,,,,,,,,,,,,,,,,,,
0.661,0.05739621,,,,,,,,,,,,,,,,,,,,,,,
0.662,0.05395504,,,,,,,,,,,,,,,,,,,,,,,
0.663,0.05067376,,,,,,,,,,,,,,,,,,,,,,,
0.664,0.04754965,,,,,,,,,,,,,,,,,,,,,,,
0.665,0.04458,,,,,,,,,,,,,,,,,,,,,,,
0.666,0.04175872,,,,,,,,,,,,,,,,,,,,,,,
0.667,0.03908496,,,,,,,,,,,,,,,,,,,,,,,
0.668,0.03656384,,,,,,,,,,,,,,,,,,,,,,,
0.669,0.03420048,,,,,,,,,,,,,,,,,,,,,,,
0.67,0.032,,,,,,,,,,,,,,,,,,,,,,,
0.671,0.02996261,,,,,,,,,,,,,,,,,,,,,,,
0.672,0.02807664,,,,,,,,,,,,,,,,,,,,,,,
0.673,0.02632936,,,,,,,,,,,,,,,,,,,,,,,
0.674,0.02470805,,,,,,,,,,,,,,,,,,,,,,,
0.675,0.0232,,,,,,,,,,,,,,,,,,,,,,,
0.676,0.02180077,,,,,,,,,,,,,,,,,,,,,,,
0.677,0.02050112,,,,,,,,,,,,,,,,,,,,,,,
0.678,0.01928108,,,,,,,,,,,,,,,,,,,,,,,
0.679,0.01812069,,,,,,,,,,,,,,,,,,,,,,,
0.68,0.017,,,,,,,,,,,,,,,,,,,,,,,
0.681,0.01590379,,,,,,,,,,,,,,,,,,,,,,,
0.682,0.01483718,,,,,,,,,,,,,,,,,,,,,,,
0.683,0.01381068,,,,,,,,,,,,,,,,,,,,,,,
0.684,0.01283478,,,,,,,,,,,,,,,,,,,,,,,
0.685,0.01192,,,,,,,,,,,,,,,,,,,,,,,
0.686,0.01106831,,,,,,,,,,,,,,,,,,,,,,,
0.687,0.01027339,,,,,,,,,,,,,,,,,,,,,,,
0.688,0.009533311,,,,,,,,,,,,,,,,,,,,,,,
0.689,0.008846157,,,,,,,,,,,,,,,,,,,,,,,
0.69,0.00821,,,,,,,,,,,,,,,,,,,,,,,
0.691,0.007623781,,,,,,,,,,,,,,,,,,,,,,,
0.692,0.007085424,,,,,,,,,,,,,,,,,,,,,,,
0.693,0.006591476,,,,,,,,,,,,,,,,,,,,,,,
0.694,0.006138485,,,,,,,,,,,,,,,,,,,,,,,
0.695,0.005723,,,,,,,,,,,,,,,,,,,,,,,
0.696,0.005343059,,,,,,,,,,,,,,,,,,,,,,,
0.697,0.004995796,,,,,,,,,,,,,,,,,,,,,,,
0.698,0.004676404,,,,,,,,,,,,,,,,,,,,,,,
0.699,0.004380075,,,,,,,,,,,,,,,,,,,,,,,
0.7,0.004102,,,,,,,,,,,,,,,,,,,,,,,
0.701,0.003838453,,,,,,,,,,,,,,,,,,,,,,,
0.702,0.003589099,,,,,,,,,,,,,,,,,,,,,,,
0.703,0.003354219,,,,,,,,,,,,,,,,,,,,,,,
0.704,0.003134093,,,,,,,,,,,,,,,,,,,,,,,
0.705,0.002929,,,,,,,,,,,,,,,,,,,,,,,
0.706,0.002738139,,,,,,,,,,,,,,,,,,,,,,,
0.707,0.002559876,,,,,,,,,,,,,,,,,,,,,,,
0.708,0.002393244,,,,,,,,,,,,,,,,,,,,,,,
0.709,0.002237275,,,,,,,,,,,,,,,,,,,,,,,
0.71,0.002091,,,,,,,,,,,,,,,,,,,,,,,
0.711,0.001953587,,,,,,,,,,,,,,,,,,,,,,,
0.712,0.00182458,,,,,,,,,,,,,,,,,,,,,,,
0.713,0.00170358,,,,,,,,,,,,,,,,,,,,,,,
0.714,0.001590187,,,,,,,,,,,,,,,,,,,,,,,
0.715,0.001484,,,,,,,,,,,,,,,,,,,,,,,
0.716,0.001384496,,,,,,,,,,,,,,,,,,,,,,,
0.717,0.001291268,,,,,,,,,,,,,,,,,,,,,,,
0.718,0.001204092,,,,,,,,,,,,,,,,,,,,,,,
0.719,0.001122744,,,,,,,,,,,,,,,,,,,,,,,
0.72,0.001047,,,,,,,,,,,,,,,,,,,,,,,
0.721,0.0009765896,,,,,,,,,,,,,,,,,,,,,,,
0.722,0.0009111088,,,,,,,,,,,,,,,,,,,,,,,
0.723,0.0008501332,,,,,,,,,,,,,,,,,,,,,,,
0.724,0.0007932384,,,,,,,,,,,,,,,,,,,,,,,
0.725,0.00074,,,,,,,,,,,,,,,,,,,,,,,
0.726,0.0006900827,,,,,,,,,,,,,,,,,,,,,,,
0.727,0.00064331,,,,,,,,,,,,,,,,,,,,,,,
0.728,0.000599496,,,,,,,,,,,,,,,,,,,,,,,
0.729,0.0005584547,,,,,,,,,,,,,,,,,,,,,,,
0.73,0.00052,,,,,,,,,,,,,,,,,,,,,,,
0.731,0.0004839136,,,,,,,,,,,,,,,,,,,,,,,
0.732,0.0004500528,,,,,,,,,,,,,,,,,,,,,,,
0.733,0.0004183452,,,,,,,,,,,,,,,,,,,,,,,
0.734,0.0003887184,,,,,,,,,,,,,,,,,,,,,,,
0.735,0.0003611,,,,,,,,,,,,,,,,,,,,,,,
0.736,0.0003353835,,,,,,,,,,,,,,,,,,,,,,,
0.737,0.0003114404,,,,,,,,,,,,,,,,,,,,,,,
0.738,0.0002891656,,,,,,,,,,,,,,,,,,,,,,,
0.739,0.0002684539,,,,,,,,,,,,,,,,,,,,,,,
0.74,0.0002492,,,,,,,,,,,,,,,,,,,,,,,
0.741,0.0002313019,,,,,,,,,,,,,,,,,,,,,,,
0.742,0.0002146856,,,,,,,,,,,,,,,,,,,,,,,
0.743,0.0001992884,,,,,,,,,,,,,,,,,,,,,,,
0.744,0.0001850475,,,,,,,,,,,,,,,,,,,,,,,
0.745,0.0001719,,,,,,,,,,,,,,,,,,,,,,,
0.746,0.0001597781,,,,,,,,,,,,,,,,,,,,,,,
0.747,0.0001486044,,,,,,,,,,,,,,,,,,,,,,,
0.748,0.0001383016,,,,,,,,,,,,,,,,,,,,,,,
0.749,0.0001287925,,,,,,,,,,,,,,,,,,,,,,,
0.75,0.00012,,,,,,,,,,,,,,,,,,,,,,,
0.751,0.0001118595,,,,,,,,,,,,,,,,,,,,,,,
0.752,0.0001043224,,,,,,,,,,,,,,,,,,,,,,,
0.753,0.0000973356,,,,,,,,,,,,,,,,,,,,,,,
0.754,0.00009084587,,,,,,,,,,,,,,,,,,,,,,,
0.755,0.0000848,,,,,,,,,,,,,,,,,,,,,,,
0.756,0.00007914667,,,,,,,,,,,,,,,,,,,,,,,
0.757,0.000073858,,,,,,,,,,,,,,,,,,,,,,,
0.758,0.000068916,,,,,,,,,,,,,,,,,,,,,,,
0.759,0.00006430267,,,,,,,,,,,,,,,,,,,,,,,
0.76,0.00006,,,,,,,,,,,,,,,,,,,,,,,
0.761,0.00005598187,,,,,,,,,,,,,,,,,,,,,,,
0.762,0.0000522256,,,,,,,,,,,,,,,,,,,,,,,
0.763,0.0000487184,,,,,,,,,,,,,,,,,,,,,,,
0.764,0.00004544747,,,,,,,,,,,,,,,,,,,,,,,
0.765,0.0000424,,,,,,,,,,,,,,,,,,,,,,,
0.766,0.00003956104,,,,,,,,,,,,,,,,,,,,,,,
0.767,0.00003691512,,,,,,,,,,,,,,,,,,,,,,,
0.768,0.00003444868,,,,,,,,,,,,,,,,,,,,,,,
0.769,0.00003214816,,,,,,,,,,,,,,,,,,,,,,,
0.77,0.00003,,,,,,,,,,,,,,,,,,,,,,,
0.771,0.00002799125,,,,,,,,,,,,,,,,,,,,,,,
0.772,0.00002611356,,,,,,,,,,,,,,,,,,,,,,,
0.773,0.00002436024,,,,,,,,,,,,,,,,,,,,,,,
0.774,0.00002272461,,,,,,,,,,,,,,,,,,,,,,,
0.775,0.0000212,,,,,,,,,,,,,,,,,,,,,,,
0.776,0.00001977855,,,,,,,,,,,,,,,,,,,,,,,
0.777,0.00001845285,,,,,,,,,,,,,,,,,,,,,,,
0.778,0.00001721687,,,,,,,,,,,,,,,,,,,,,,,
0.779,0.00001606459,,,,,,,,,,,,,,,,,,,,,,,
0.78,0.00001499,,,,,,,,,,,,,,,,,,,,,,,
0.781,0.00001398728,,,,,,,,,,,,,,,,,,,,,,,
0.782,0.00001305155,,,,,,,,,,,,,,,,,,,,,,,
0.783,0.00001217818,,,,,,,,,,,,,,,,,,,,,,,
0.784,0.00001136254,,,,,,,,,,,,,,,,,,,,,,,
0.785,0.0000106,,,,,,,,,,,,,,,,,,,,,,,
0.786,0.000009885877,,,,,,,,,,,,,,,,,,,,,,,
0.787,0.000009217304,,,,,,,,,,,,,,,,,,,,,,,
0.788,0.000008592362,,,,,,,,,,,,,,,,,,,,,,,
0.789,0.000008009133,,,,,,,,,,,,,,,,,,,,,,,
0.79,0.0000074657,,,,,,,,,,,,,,,,,,,,,,,
0.791,0.000006959567,,,,,,,,,,,,,,,,,,,,,,,
0.792,0.000006487995,,,,,,,,,,,,,,,,,,,,,,,
0.793,0.000006048699,,,,,,,,,,,,,,,,,,,,,,,
0.794,0.000005639396,,,,,,,,,,,,,,,,,,,,,,,
0.795,0.0000052578,,,,,,,,,,,,,,,,,,,,,,,
0.796,0.000004901771,,,,,,,,,,,,,,,,,,,,,,,
0.797,0.00000456972,,,,,,,,,,,,,,,,,,,,,,,
0.798,0.000004260194,,,,,,,,,,,,,,,,,,,,,,,
0.799,0.000003971739,,,,,,,,,,,,,,,,,,,,,,,
0.8,0.0000037029,,,,,,,,,,,,,,,,,,,,,,,
0.801,0.000003452163,,,,,,,,,,,,,,,,,,,,,,,
0.802,0.000003218302,,,,,,,,,,,,,,,,,,,,,,,
0.803,0.0000030003,,,,,,,,,,,,,,,,,,,,,,,
0.804,0.000002797139,,,,,,,,,,,,,,,,,,,,,,,
0.805,0.0000026078,,,,,,,,,,,,,,,,,,,,,,,
0.806,0.00000243122,,,,,,,,,,,,,,,,,,,,,,,
0.807,0.000002266531,,,,,,,,,,,,,,,,,,,,,,,
0.808,0.000002113013,,,,,,,,,,,,,,,,,,,,,,,
0.809,0.000001969943,,,,,,,,,,,,,,,,,,,,,,,
0.81,0.0000018366,,,,,,,,,,,,,,,,,,,,,,,
0.811,0.00000171223,,,,,,,,,,,,,,,,,,,,,,,
0.812,0.000001596228,,,,,,,,,,,,,,,,,,,,,,,
0.813,0.00000148809,,,,,,,,,,,,,,,,,,,,,,,
0.814,0.000001387314,,,,,,,,,,,,,,,,,,,,,,,
0.815,0.0000012934,,,,,,,,,,,,,,,,,,,,,,,
0.816,0.00000120582,,,,,,,,,,,,,,,,,,,,,,,
0.817,0.000001124143,,,,,,,,,,,,,,,,,,,,,,,
0.818,0.000001048009,,,,,,,,,,,,,,,,,,,,,,,
0.819,0.0000009770578,,,,,,,,,,,,,,,,,,,,,,,
0.82,0.00000091093,,,,,,,,,,,,,,,,,,,,,,,
0.821,0.0000008492513,,,,,,,,,,,,,,,,,,,,,,,
0.822,0.0000007917212,,,,,,,,,,,,,,,,,,,,,,,
0.823,0.0000007380904,,,,,,,,,,,,,,,,,,,,,,,
0.824,0.0000006881098,,,,,,,,,,,,,,,,,,,,,,,
0.825,0.00000064153,,,,,,,,,,,,,,,,,,,,,,,
0.826,0.0000005980895,,,,,,,,,,,,,,,,,,,,,,,
0.827,0.0000005575746,,,,,,,,,,,,,,,,,,,,,,,
0.828,0.000000519808,,,,,,,,,,,,,,,,,,,,,,,
0.829,0.0000004846123,,,,,,,,,,,,,,,,,,,,,,,
0.83,0.00000045181,,,,,,,,,,,,,,,,,,,,,,,
